Type,Layer,Class1,Class2,ActivationPercentage
res,0,empathetic_dialogue,empathetic_dialogue,49.27978515625
res,0,empathetic_dialogue,math,37.0361328125
res,0,empathetic_dialogue,mmlu,47.35107421875
res,0,empathetic_dialogue,programming,45.684814453125
res,0,math,math,52.8564453125
res,0,math,mmlu,49.52392578125
res,0,math,programming,48.81591796875
res,0,mmlu,mmlu,73.516845703125
res,0,mmlu,programming,63.897705078125
res,0,programming,programming,69.244384765625
res,1,empathetic_dialogue,empathetic_dialogue,40.240478515625
res,1,empathetic_dialogue,math,28.497314453125
res,1,empathetic_dialogue,mmlu,37.95166015625
res,1,empathetic_dialogue,programming,36.175537109375
res,1,math,math,43.328857421875
res,1,math,mmlu,39.837646484375
res,1,math,programming,39.093017578125
res,1,mmlu,mmlu,62.945556640625
res,1,mmlu,programming,52.44140625
res,1,programming,programming,58.43505859375
res,2,empathetic_dialogue,empathetic_dialogue,40.899658203125
res,2,empathetic_dialogue,math,29.8095703125
res,2,empathetic_dialogue,mmlu,38.714599609375
res,2,empathetic_dialogue,programming,37.249755859375
res,2,math,math,45.44677734375
res,2,math,mmlu,41.69921875
res,2,math,programming,40.985107421875
res,2,mmlu,mmlu,63.482666015625
res,2,mmlu,programming,53.692626953125
res,2,programming,programming,60.7177734375
res,3,empathetic_dialogue,empathetic_dialogue,43.328857421875
res,3,empathetic_dialogue,math,31.55517578125
res,3,empathetic_dialogue,mmlu,41.290283203125
res,3,empathetic_dialogue,programming,39.788818359375
res,3,math,math,49.6337890625
res,3,math,mmlu,45.22705078125
res,3,math,programming,45.12939453125
res,3,mmlu,mmlu,68.695068359375
res,3,mmlu,programming,58.82568359375
res,3,programming,programming,66.583251953125
res,4,empathetic_dialogue,empathetic_dialogue,37.786865234375
res,4,empathetic_dialogue,math,26.385498046875
res,4,empathetic_dialogue,mmlu,35.51025390625
res,4,empathetic_dialogue,programming,34.24072265625
res,4,math,math,42.376708984375
res,4,math,mmlu,38.079833984375
res,4,math,programming,37.841796875
res,4,mmlu,mmlu,59.075927734375
res,4,mmlu,programming,49.69482421875
res,4,programming,programming,57.67822265625
res,5,empathetic_dialogue,empathetic_dialogue,38.75732421875
res,5,empathetic_dialogue,math,27.77099609375
res,5,empathetic_dialogue,mmlu,36.962890625
res,5,empathetic_dialogue,programming,35.626220703125
res,5,math,math,45.2392578125
res,5,math,mmlu,40.66162109375
res,5,math,programming,41.02783203125
res,5,mmlu,mmlu,62.109375
res,5,mmlu,programming,53.3447265625
res,5,programming,programming,61.7919921875
res,6,empathetic_dialogue,empathetic_dialogue,36.29150390625
res,6,empathetic_dialogue,math,25.665283203125
res,6,empathetic_dialogue,mmlu,34.527587890625
res,6,empathetic_dialogue,programming,33.282470703125
res,6,math,math,43.798828125
res,6,math,mmlu,39.239501953125
res,6,math,programming,39.6484375
res,6,mmlu,mmlu,60.577392578125
res,6,mmlu,programming,51.824951171875
res,6,programming,programming,60.565185546875
res,7,empathetic_dialogue,empathetic_dialogue,32.51953125
res,7,empathetic_dialogue,math,21.246337890625
res,7,empathetic_dialogue,mmlu,30.169677734375
res,7,empathetic_dialogue,programming,28.271484375
res,7,math,math,39.764404296875
res,7,math,mmlu,34.77783203125
res,7,math,programming,34.979248046875
res,7,mmlu,mmlu,57.6171875
res,7,mmlu,programming,46.380615234375
res,7,programming,programming,55.010986328125
res,8,empathetic_dialogue,empathetic_dialogue,33.11767578125
res,8,empathetic_dialogue,math,21.258544921875
res,8,empathetic_dialogue,mmlu,30.242919921875
res,8,empathetic_dialogue,programming,28.3447265625
res,8,math,math,39.422607421875
res,8,math,mmlu,34.38720703125
res,8,math,programming,34.77783203125
res,8,mmlu,mmlu,58.349609375
res,8,mmlu,programming,46.25244140625
res,8,programming,programming,55.322265625
res,9,empathetic_dialogue,empathetic_dialogue,32.086181640625
res,9,empathetic_dialogue,math,19.793701171875
res,9,empathetic_dialogue,mmlu,29.144287109375
res,9,empathetic_dialogue,programming,27.23388671875
res,9,math,math,38.299560546875
res,9,math,mmlu,33.33740234375
res,9,math,programming,33.782958984375
res,9,mmlu,mmlu,57.84912109375
res,9,mmlu,programming,45.343017578125
res,9,programming,programming,54.327392578125
res,10,empathetic_dialogue,empathetic_dialogue,30.242919921875
res,10,empathetic_dialogue,math,18.731689453125
res,10,empathetic_dialogue,mmlu,27.4169921875
res,10,empathetic_dialogue,programming,25.67138671875
res,10,math,math,38.189697265625
res,10,math,mmlu,32.55615234375
res,10,math,programming,33.355712890625
res,10,mmlu,mmlu,56.109619140625
res,10,mmlu,programming,44.195556640625
res,10,programming,programming,54.022216796875
res,11,empathetic_dialogue,empathetic_dialogue,28.22265625
res,11,empathetic_dialogue,math,16.90673828125
res,11,empathetic_dialogue,mmlu,25.20751953125
res,11,empathetic_dialogue,programming,23.42529296875
res,11,math,math,36.34033203125
res,11,math,mmlu,30.5419921875
res,11,math,programming,31.744384765625
res,11,mmlu,mmlu,54.547119140625
res,11,mmlu,programming,41.839599609375
res,11,programming,programming,52.239990234375
res,12,empathetic_dialogue,empathetic_dialogue,25.732421875
res,12,empathetic_dialogue,math,15.63720703125
res,12,empathetic_dialogue,mmlu,22.918701171875
res,12,empathetic_dialogue,programming,21.685791015625
res,12,math,math,35.9619140625
res,12,math,mmlu,29.754638671875
res,12,math,programming,31.561279296875
res,12,mmlu,mmlu,52.410888671875
res,12,mmlu,programming,40.771484375
res,12,programming,programming,51.556396484375
res,13,empathetic_dialogue,empathetic_dialogue,25.164794921875
res,13,empathetic_dialogue,math,15.277099609375
res,13,empathetic_dialogue,mmlu,22.22900390625
res,13,empathetic_dialogue,programming,21.099853515625
res,13,math,math,34.857177734375
res,13,math,mmlu,28.79638671875
res,13,math,programming,30.389404296875
res,13,mmlu,mmlu,50.927734375
res,13,mmlu,programming,39.093017578125
res,13,programming,programming,50.115966796875
res,14,empathetic_dialogue,empathetic_dialogue,26.69677734375
res,14,empathetic_dialogue,math,16.61376953125
res,14,empathetic_dialogue,mmlu,23.779296875
res,14,empathetic_dialogue,programming,23.126220703125
res,14,math,math,36.651611328125
res,14,math,mmlu,30.242919921875
res,14,math,programming,32.84912109375
res,14,mmlu,mmlu,51.5625
res,14,mmlu,programming,41.61376953125
res,14,programming,programming,53.9794921875
res,15,empathetic_dialogue,empathetic_dialogue,25.8544921875
res,15,empathetic_dialogue,math,16.046142578125
res,15,empathetic_dialogue,mmlu,22.991943359375
res,15,empathetic_dialogue,programming,21.93603515625
res,15,math,math,35.491943359375
res,15,math,mmlu,29.13818359375
res,15,math,programming,31.256103515625
res,15,mmlu,mmlu,49.9755859375
res,15,mmlu,programming,39.544677734375
res,15,programming,programming,50.68359375
res,16,empathetic_dialogue,empathetic_dialogue,32.03125
res,16,empathetic_dialogue,math,19.085693359375
res,16,empathetic_dialogue,mmlu,27.789306640625
res,16,empathetic_dialogue,programming,26.470947265625
res,16,math,math,37.628173828125
res,16,math,mmlu,31.817626953125
res,16,math,programming,33.184814453125
res,16,mmlu,mmlu,55.615234375
res,16,mmlu,programming,42.767333984375
res,16,programming,programming,53.253173828125
res,17,empathetic_dialogue,empathetic_dialogue,35.0341796875
res,17,empathetic_dialogue,math,21.93603515625
res,17,empathetic_dialogue,mmlu,31.109619140625
res,17,empathetic_dialogue,programming,29.45556640625
res,17,math,math,40.2587890625
res,17,math,mmlu,35.0341796875
res,17,math,programming,36.09619140625
res,17,mmlu,mmlu,59.46044921875
res,17,mmlu,programming,46.6064453125
res,17,programming,programming,56.396484375
res,18,empathetic_dialogue,empathetic_dialogue,37.530517578125
res,18,empathetic_dialogue,math,23.260498046875
res,18,empathetic_dialogue,mmlu,33.660888671875
res,18,empathetic_dialogue,programming,31.8603515625
res,18,math,math,41.0888671875
res,18,math,mmlu,36.273193359375
res,18,math,programming,36.651611328125
res,18,mmlu,mmlu,61.199951171875
res,18,mmlu,programming,48.699951171875
res,18,programming,programming,58.233642578125
res,19,empathetic_dialogue,empathetic_dialogue,39.09912109375
res,19,empathetic_dialogue,math,24.86572265625
res,19,empathetic_dialogue,mmlu,35.235595703125
res,19,empathetic_dialogue,programming,33.4228515625
res,19,math,math,42.7490234375
res,19,math,mmlu,37.640380859375
res,19,math,programming,38.092041015625
res,19,mmlu,mmlu,62.298583984375
res,19,mmlu,programming,49.9267578125
res,19,programming,programming,59.588623046875
res,20,empathetic_dialogue,empathetic_dialogue,38.9892578125
res,20,empathetic_dialogue,math,25.4638671875
res,20,empathetic_dialogue,mmlu,35.25390625
res,20,empathetic_dialogue,programming,32.977294921875
res,20,math,math,42.83447265625
res,20,math,mmlu,37.811279296875
res,20,math,programming,38.140869140625
res,20,mmlu,mmlu,61.810302734375
res,20,mmlu,programming,48.96240234375
res,20,programming,programming,58.2275390625
res,21,empathetic_dialogue,empathetic_dialogue,37.713623046875
res,21,empathetic_dialogue,math,24.090576171875
res,21,empathetic_dialogue,mmlu,33.746337890625
res,21,empathetic_dialogue,programming,31.732177734375
res,21,math,math,41.064453125
res,21,math,mmlu,36.138916015625
res,21,math,programming,35.97412109375
res,21,mmlu,mmlu,60.888671875
res,21,mmlu,programming,47.35107421875
res,21,programming,programming,56.77490234375
res,22,empathetic_dialogue,empathetic_dialogue,37.677001953125
res,22,empathetic_dialogue,math,24.20654296875
res,22,empathetic_dialogue,mmlu,33.4228515625
res,22,empathetic_dialogue,programming,31.390380859375
res,22,math,math,41.949462890625
res,22,math,mmlu,36.669921875
res,22,math,programming,36.8408203125
res,22,mmlu,mmlu,61.63330078125
res,22,mmlu,programming,47.4853515625
res,22,programming,programming,57.45849609375
res,23,empathetic_dialogue,empathetic_dialogue,36.63330078125
res,23,empathetic_dialogue,math,23.44970703125
res,23,empathetic_dialogue,mmlu,32.2265625
res,23,empathetic_dialogue,programming,30.096435546875
res,23,math,math,40.61279296875
res,23,math,mmlu,35.650634765625
res,23,math,programming,35.382080078125
res,23,mmlu,mmlu,60.8154296875
res,23,mmlu,programming,45.6787109375
res,23,programming,programming,55.303955078125
res,24,empathetic_dialogue,empathetic_dialogue,32.098388671875
res,24,empathetic_dialogue,math,18.524169921875
res,24,empathetic_dialogue,mmlu,27.1484375
res,24,empathetic_dialogue,programming,24.993896484375
res,24,math,math,32.8125
res,24,math,mmlu,28.192138671875
res,24,math,programming,27.972412109375
res,24,mmlu,mmlu,53.131103515625
res,24,mmlu,programming,37.59765625
res,24,programming,programming,47.296142578125
res,25,empathetic_dialogue,empathetic_dialogue,24.334716796875
res,25,empathetic_dialogue,math,10.919189453125
res,25,empathetic_dialogue,mmlu,18.292236328125
res,25,empathetic_dialogue,programming,16.8701171875
res,25,math,math,19.659423828125
res,25,math,mmlu,15.692138671875
res,25,math,programming,15.4296875
res,25,mmlu,mmlu,37.933349609375
res,25,mmlu,programming,22.906494140625
res,25,programming,programming,32.452392578125
mlp,0,empathetic_dialogue,empathetic_dialogue,31.55517578125
mlp,0,empathetic_dialogue,math,20.93505859375
mlp,0,empathetic_dialogue,mmlu,28.729248046875
mlp,0,empathetic_dialogue,programming,28.472900390625
mlp,0,math,math,34.576416015625
mlp,0,math,mmlu,30.5419921875
mlp,0,math,programming,30.9326171875
mlp,0,mmlu,mmlu,50.64697265625
mlp,0,mmlu,programming,42.254638671875
mlp,0,programming,programming,49.810791015625
mlp,1,empathetic_dialogue,empathetic_dialogue,39.239501953125
mlp,1,empathetic_dialogue,math,25.469970703125
mlp,1,empathetic_dialogue,mmlu,35.0830078125
mlp,1,empathetic_dialogue,programming,33.251953125
mlp,1,math,math,41.217041015625
mlp,1,math,mmlu,36.676025390625
mlp,1,math,programming,35.99853515625
mlp,1,mmlu,mmlu,67.669677734375
mlp,1,mmlu,programming,51.5625
mlp,1,programming,programming,61.749267578125
mlp,2,empathetic_dialogue,empathetic_dialogue,46.148681640625
mlp,2,empathetic_dialogue,math,33.16650390625
mlp,2,empathetic_dialogue,mmlu,43.07861328125
mlp,2,empathetic_dialogue,programming,42.22412109375
mlp,2,math,math,51.080322265625
mlp,2,math,mmlu,46.514892578125
mlp,2,math,programming,46.697998046875
mlp,2,mmlu,mmlu,72.100830078125
mlp,2,mmlu,programming,61.9140625
mlp,2,programming,programming,71.209716796875
mlp,3,empathetic_dialogue,empathetic_dialogue,48.944091796875
mlp,3,empathetic_dialogue,math,37.725830078125
mlp,3,empathetic_dialogue,mmlu,47.16796875
mlp,3,empathetic_dialogue,programming,46.5576171875
mlp,3,math,math,56.34765625
mlp,3,math,mmlu,52.349853515625
mlp,3,math,programming,52.60009765625
mlp,3,mmlu,mmlu,72.75390625
mlp,3,mmlu,programming,65.899658203125
mlp,3,programming,programming,72.9736328125
mlp,4,empathetic_dialogue,empathetic_dialogue,38.568115234375
mlp,4,empathetic_dialogue,math,25.0
mlp,4,empathetic_dialogue,mmlu,35.931396484375
mlp,4,empathetic_dialogue,programming,35.382080078125
mlp,4,math,math,42.61474609375
mlp,4,math,mmlu,37.82958984375
mlp,4,math,programming,38.665771484375
mlp,4,mmlu,mmlu,61.7919921875
mlp,4,mmlu,programming,53.41796875
mlp,4,programming,programming,62.48779296875
mlp,5,empathetic_dialogue,empathetic_dialogue,47.979736328125
mlp,5,empathetic_dialogue,math,35.443115234375
mlp,5,empathetic_dialogue,mmlu,45.941162109375
mlp,5,empathetic_dialogue,programming,45.379638671875
mlp,5,math,math,55.120849609375
mlp,5,math,mmlu,50.2197265625
mlp,5,math,programming,51.28173828125
mlp,5,mmlu,mmlu,70.8251953125
mlp,5,mmlu,programming,64.251708984375
mlp,5,programming,programming,72.42431640625
mlp,6,empathetic_dialogue,empathetic_dialogue,44.4091796875
mlp,6,empathetic_dialogue,math,31.353759765625
mlp,6,empathetic_dialogue,mmlu,42.095947265625
mlp,6,empathetic_dialogue,programming,41.314697265625
mlp,6,math,math,52.117919921875
mlp,6,math,mmlu,46.624755859375
mlp,6,math,programming,48.0712890625
mlp,6,mmlu,mmlu,68.0419921875
mlp,6,mmlu,programming,60.601806640625
mlp,6,programming,programming,69.49462890625
mlp,7,empathetic_dialogue,empathetic_dialogue,37.51220703125
mlp,7,empathetic_dialogue,math,20.2880859375
mlp,7,empathetic_dialogue,mmlu,33.514404296875
mlp,7,empathetic_dialogue,programming,31.988525390625
mlp,7,math,math,39.8681640625
mlp,7,math,mmlu,34.33837890625
mlp,7,math,programming,35.052490234375
mlp,7,mmlu,mmlu,63.22021484375
mlp,7,mmlu,programming,50.57373046875
mlp,7,programming,programming,61.23046875
mlp,8,empathetic_dialogue,empathetic_dialogue,43.890380859375
mlp,8,empathetic_dialogue,math,27.081298828125
mlp,8,empathetic_dialogue,mmlu,40.045166015625
mlp,8,empathetic_dialogue,programming,38.214111328125
mlp,8,math,math,46.600341796875
mlp,8,math,mmlu,41.5771484375
mlp,8,math,programming,42.352294921875
mlp,8,mmlu,mmlu,69.0673828125
mlp,8,mmlu,programming,57.037353515625
mlp,8,programming,programming,66.27197265625
mlp,9,empathetic_dialogue,empathetic_dialogue,42.034912109375
mlp,9,empathetic_dialogue,math,25.592041015625
mlp,9,empathetic_dialogue,mmlu,38.3056640625
mlp,9,empathetic_dialogue,programming,36.279296875
mlp,9,math,math,45.78857421875
mlp,9,math,mmlu,40.399169921875
mlp,9,math,programming,41.143798828125
mlp,9,mmlu,mmlu,66.63818359375
mlp,9,mmlu,programming,54.65087890625
mlp,9,programming,programming,64.111328125
mlp,10,empathetic_dialogue,empathetic_dialogue,38.800048828125
mlp,10,empathetic_dialogue,math,25.6103515625
mlp,10,empathetic_dialogue,mmlu,36.0107421875
mlp,10,empathetic_dialogue,programming,34.783935546875
mlp,10,math,math,46.96044921875
mlp,10,math,mmlu,40.850830078125
mlp,10,math,programming,42.742919921875
mlp,10,mmlu,mmlu,61.651611328125
mlp,10,mmlu,programming,52.996826171875
mlp,10,programming,programming,62.12158203125
mlp,11,empathetic_dialogue,empathetic_dialogue,34.26513671875
mlp,11,empathetic_dialogue,math,20.111083984375
mlp,11,empathetic_dialogue,mmlu,31.024169921875
mlp,11,empathetic_dialogue,programming,29.644775390625
mlp,11,math,math,40.313720703125
mlp,11,math,mmlu,34.14306640625
mlp,11,math,programming,36.376953125
mlp,11,mmlu,mmlu,56.60400390625
mlp,11,mmlu,programming,47.22900390625
mlp,11,programming,programming,57.293701171875
mlp,12,empathetic_dialogue,empathetic_dialogue,35.3515625
mlp,12,empathetic_dialogue,math,24.151611328125
mlp,12,empathetic_dialogue,mmlu,33.074951171875
mlp,12,empathetic_dialogue,programming,31.87255859375
mlp,12,math,math,46.30126953125
mlp,12,math,mmlu,39.849853515625
mlp,12,math,programming,42.376708984375
mlp,12,mmlu,mmlu,58.258056640625
mlp,12,mmlu,programming,50.57373046875
mlp,12,programming,programming,59.930419921875
mlp,13,empathetic_dialogue,empathetic_dialogue,34.356689453125
mlp,13,empathetic_dialogue,math,21.173095703125
mlp,13,empathetic_dialogue,mmlu,31.0302734375
mlp,13,empathetic_dialogue,programming,29.949951171875
mlp,13,math,math,41.876220703125
mlp,13,math,mmlu,35.198974609375
mlp,13,math,programming,37.750244140625
mlp,13,mmlu,mmlu,55.340576171875
mlp,13,mmlu,programming,46.990966796875
mlp,13,programming,programming,56.99462890625
mlp,14,empathetic_dialogue,empathetic_dialogue,37.420654296875
mlp,14,empathetic_dialogue,math,25.5859375
mlp,14,empathetic_dialogue,mmlu,34.814453125
mlp,14,empathetic_dialogue,programming,33.758544921875
mlp,14,math,math,47.16796875
mlp,14,math,mmlu,40.936279296875
mlp,14,math,programming,43.20068359375
mlp,14,mmlu,mmlu,59.53369140625
mlp,14,mmlu,programming,52.05078125
mlp,14,programming,programming,61.34033203125
mlp,15,empathetic_dialogue,empathetic_dialogue,39.398193359375
mlp,15,empathetic_dialogue,math,26.5869140625
mlp,15,empathetic_dialogue,mmlu,36.383056640625
mlp,15,empathetic_dialogue,programming,35.614013671875
mlp,15,math,math,48.077392578125
mlp,15,math,mmlu,41.9921875
mlp,15,math,programming,44.10400390625
mlp,15,mmlu,mmlu,63.17138671875
mlp,15,mmlu,programming,54.754638671875
mlp,15,programming,programming,64.447021484375
mlp,16,empathetic_dialogue,empathetic_dialogue,42.694091796875
mlp,16,empathetic_dialogue,math,27.24609375
mlp,16,empathetic_dialogue,mmlu,38.53759765625
mlp,16,empathetic_dialogue,programming,36.492919921875
mlp,16,math,math,47.027587890625
mlp,16,math,mmlu,41.448974609375
mlp,16,math,programming,42.120361328125
mlp,16,mmlu,mmlu,65.91796875
mlp,16,mmlu,programming,53.7109375
mlp,16,programming,programming,63.0615234375
mlp,17,empathetic_dialogue,empathetic_dialogue,47.44873046875
mlp,17,empathetic_dialogue,math,32.232666015625
mlp,17,empathetic_dialogue,mmlu,43.8720703125
mlp,17,empathetic_dialogue,programming,42.27294921875
mlp,17,math,math,51.580810546875
mlp,17,math,mmlu,46.7529296875
mlp,17,math,programming,47.18017578125
mlp,17,mmlu,mmlu,70.343017578125
mlp,17,mmlu,programming,59.844970703125
mlp,17,programming,programming,68.426513671875
mlp,18,empathetic_dialogue,empathetic_dialogue,48.1201171875
mlp,18,empathetic_dialogue,math,32.086181640625
mlp,18,empathetic_dialogue,mmlu,44.54345703125
mlp,18,empathetic_dialogue,programming,42.376708984375
mlp,18,math,math,50.74462890625
mlp,18,math,mmlu,46.1669921875
mlp,18,math,programming,45.4833984375
mlp,18,mmlu,mmlu,72.18017578125
mlp,18,mmlu,programming,59.454345703125
mlp,18,programming,programming,66.95556640625
mlp,19,empathetic_dialogue,empathetic_dialogue,47.75390625
mlp,19,empathetic_dialogue,math,33.258056640625
mlp,19,empathetic_dialogue,mmlu,44.23828125
mlp,19,empathetic_dialogue,programming,42.12646484375
mlp,19,math,math,52.532958984375
mlp,19,math,mmlu,48.358154296875
mlp,19,math,programming,46.9482421875
mlp,19,mmlu,mmlu,73.44970703125
mlp,19,mmlu,programming,60.1318359375
mlp,19,programming,programming,67.462158203125
mlp,20,empathetic_dialogue,empathetic_dialogue,45.34912109375
mlp,20,empathetic_dialogue,math,30.96923828125
mlp,20,empathetic_dialogue,mmlu,41.302490234375
mlp,20,empathetic_dialogue,programming,39.1357421875
mlp,20,math,math,48.651123046875
mlp,20,math,mmlu,44.5556640625
mlp,20,math,programming,43.023681640625
mlp,20,mmlu,mmlu,70.062255859375
mlp,20,mmlu,programming,55.438232421875
mlp,20,programming,programming,62.908935546875
mlp,21,empathetic_dialogue,empathetic_dialogue,41.522216796875
mlp,21,empathetic_dialogue,math,27.325439453125
mlp,21,empathetic_dialogue,mmlu,37.066650390625
mlp,21,empathetic_dialogue,programming,35.003662109375
mlp,21,math,math,44.34814453125
mlp,21,math,mmlu,40.167236328125
mlp,21,math,programming,38.275146484375
mlp,21,mmlu,mmlu,66.656494140625
mlp,21,mmlu,programming,50.323486328125
mlp,21,programming,programming,58.184814453125
mlp,22,empathetic_dialogue,empathetic_dialogue,37.811279296875
mlp,22,empathetic_dialogue,math,24.603271484375
mlp,22,empathetic_dialogue,mmlu,33.404541015625
mlp,22,empathetic_dialogue,programming,31.353759765625
mlp,22,math,math,41.40625
mlp,22,math,mmlu,37.1826171875
mlp,22,math,programming,35.009765625
mlp,22,mmlu,mmlu,63.8671875
mlp,22,mmlu,programming,46.563720703125
mlp,22,programming,programming,54.443359375
mlp,23,empathetic_dialogue,empathetic_dialogue,29.8583984375
mlp,23,empathetic_dialogue,math,16.912841796875
mlp,23,empathetic_dialogue,mmlu,24.725341796875
mlp,23,empathetic_dialogue,programming,22.705078125
mlp,23,math,math,28.369140625
mlp,23,math,mmlu,24.664306640625
mlp,23,math,programming,23.187255859375
mlp,23,mmlu,mmlu,48.187255859375
mlp,23,mmlu,programming,31.84814453125
mlp,23,programming,programming,39.31884765625
mlp,24,empathetic_dialogue,empathetic_dialogue,16.961669921875
mlp,24,empathetic_dialogue,math,6.8359375
mlp,24,empathetic_dialogue,mmlu,12.04833984375
mlp,24,empathetic_dialogue,programming,10.528564453125
mlp,24,math,math,13.5498046875
mlp,24,math,mmlu,10.809326171875
mlp,24,math,programming,10.211181640625
mlp,24,mmlu,mmlu,28.4423828125
mlp,24,mmlu,programming,15.399169921875
mlp,24,programming,programming,21.37451171875
mlp,25,empathetic_dialogue,empathetic_dialogue,21.56982421875
mlp,25,empathetic_dialogue,math,10.5224609375
mlp,25,empathetic_dialogue,mmlu,16.49169921875
mlp,25,empathetic_dialogue,programming,15.0634765625
mlp,25,math,math,17.29736328125
mlp,25,math,mmlu,14.337158203125
mlp,25,math,programming,13.818359375
mlp,25,mmlu,mmlu,32.330322265625
mlp,25,mmlu,programming,20.068359375
mlp,25,programming,programming,26.46484375
att,0,empathetic_dialogue,empathetic_dialogue,22.8759765625
att,0,empathetic_dialogue,math,15.2587890625
att,0,empathetic_dialogue,mmlu,20.513916015625
att,0,empathetic_dialogue,programming,20.05615234375
att,0,math,math,29.150390625
att,0,math,mmlu,23.638916015625
att,0,math,programming,24.5361328125
att,0,mmlu,mmlu,41.064453125
att,0,mmlu,programming,32.879638671875
att,0,programming,programming,41.717529296875
att,1,empathetic_dialogue,empathetic_dialogue,29.931640625
att,1,empathetic_dialogue,math,21.435546875
att,1,empathetic_dialogue,mmlu,27.6611328125
att,1,empathetic_dialogue,programming,27.1728515625
att,1,math,math,38.9404296875
att,1,math,mmlu,33.5205078125
att,1,math,programming,34.033203125
att,1,mmlu,mmlu,51.995849609375
att,1,mmlu,programming,43.438720703125
att,1,programming,programming,52.838134765625
att,2,empathetic_dialogue,empathetic_dialogue,36.42578125
att,2,empathetic_dialogue,math,27.923583984375
att,2,empathetic_dialogue,mmlu,34.429931640625
att,2,empathetic_dialogue,programming,34.08203125
att,2,math,math,44.036865234375
att,2,math,mmlu,39.2333984375
att,2,math,programming,39.68505859375
att,2,mmlu,mmlu,56.610107421875
att,2,mmlu,programming,49.25537109375
att,2,programming,programming,57.32421875
att,3,empathetic_dialogue,empathetic_dialogue,28.90625
att,3,empathetic_dialogue,math,21.673583984375
att,3,empathetic_dialogue,mmlu,26.910400390625
att,3,empathetic_dialogue,programming,26.593017578125
att,3,math,math,37.939453125
att,3,math,mmlu,32.33642578125
att,3,math,programming,32.4462890625
att,3,mmlu,mmlu,46.844482421875
att,3,mmlu,programming,39.34326171875
att,3,programming,programming,47.94921875
att,4,empathetic_dialogue,empathetic_dialogue,19.036865234375
att,4,empathetic_dialogue,math,13.262939453125
att,4,empathetic_dialogue,mmlu,17.803955078125
att,4,empathetic_dialogue,programming,17.51708984375
att,4,math,math,27.667236328125
att,4,math,mmlu,22.735595703125
att,4,math,programming,23.455810546875
att,4,mmlu,mmlu,35.760498046875
att,4,mmlu,programming,29.67529296875
att,4,programming,programming,37.9150390625
att,5,empathetic_dialogue,empathetic_dialogue,17.108154296875
att,5,empathetic_dialogue,math,9.918212890625
att,5,empathetic_dialogue,mmlu,14.24560546875
att,5,empathetic_dialogue,programming,14.794921875
att,5,math,math,21.54541015625
att,5,math,mmlu,17.218017578125
att,5,math,programming,18.3349609375
att,5,mmlu,mmlu,30.389404296875
att,5,mmlu,programming,24.0966796875
att,5,programming,programming,34.326171875
att,6,empathetic_dialogue,empathetic_dialogue,16.19873046875
att,6,empathetic_dialogue,math,11.273193359375
att,6,empathetic_dialogue,mmlu,14.7705078125
att,6,empathetic_dialogue,programming,14.959716796875
att,6,math,math,30.169677734375
att,6,math,mmlu,22.9248046875
att,6,math,programming,25.47607421875
att,6,mmlu,mmlu,35.7177734375
att,6,mmlu,programming,29.718017578125
att,6,programming,programming,41.12548828125
att,7,empathetic_dialogue,empathetic_dialogue,16.93115234375
att,7,empathetic_dialogue,math,9.466552734375
att,7,empathetic_dialogue,mmlu,14.178466796875
att,7,empathetic_dialogue,programming,13.214111328125
att,7,math,math,21.1181640625
att,7,math,mmlu,17.1142578125
att,7,math,programming,17.535400390625
att,7,mmlu,mmlu,33.001708984375
att,7,mmlu,programming,23.297119140625
att,7,programming,programming,31.6650390625
att,8,empathetic_dialogue,empathetic_dialogue,11.187744140625
att,8,empathetic_dialogue,math,4.60205078125
att,8,empathetic_dialogue,mmlu,8.09326171875
att,8,empathetic_dialogue,programming,6.524658203125
att,8,math,math,14.306640625
att,8,math,mmlu,10.05859375
att,8,math,programming,10.125732421875
att,8,mmlu,mmlu,23.773193359375
att,8,mmlu,programming,12.701416015625
att,8,programming,programming,19.189453125
att,9,empathetic_dialogue,empathetic_dialogue,5.62744140625
att,9,empathetic_dialogue,math,1.861572265625
att,9,empathetic_dialogue,mmlu,3.01513671875
att,9,empathetic_dialogue,programming,3.11279296875
att,9,math,math,8.7890625
att,9,math,mmlu,5.413818359375
att,9,math,programming,5.865478515625
att,9,mmlu,mmlu,14.532470703125
att,9,mmlu,programming,6.915283203125
att,9,programming,programming,13.214111328125
att,10,empathetic_dialogue,empathetic_dialogue,7.550048828125
att,10,empathetic_dialogue,math,2.789306640625
att,10,empathetic_dialogue,mmlu,5.26123046875
att,10,empathetic_dialogue,programming,5.04150390625
att,10,math,math,12.750244140625
att,10,math,mmlu,7.94677734375
att,10,math,programming,9.405517578125
att,10,mmlu,mmlu,18.585205078125
att,10,mmlu,programming,11.43798828125
att,10,programming,programming,20.001220703125
att,11,empathetic_dialogue,empathetic_dialogue,6.50634765625
att,11,empathetic_dialogue,math,2.24609375
att,11,empathetic_dialogue,mmlu,3.607177734375
att,11,empathetic_dialogue,programming,3.18603515625
att,11,math,math,11.090087890625
att,11,math,mmlu,6.73828125
att,11,math,programming,7.427978515625
att,11,mmlu,mmlu,17.529296875
att,11,mmlu,programming,8.09326171875
att,11,programming,programming,15.301513671875
att,12,empathetic_dialogue,empathetic_dialogue,3.594970703125
att,12,empathetic_dialogue,math,1.18408203125
att,12,empathetic_dialogue,mmlu,1.739501953125
att,12,empathetic_dialogue,programming,1.763916015625
att,12,math,math,7.244873046875
att,12,math,mmlu,3.802490234375
att,12,math,programming,4.8095703125
att,12,mmlu,mmlu,9.50927734375
att,12,mmlu,programming,4.5654296875
att,12,programming,programming,10.72998046875
att,13,empathetic_dialogue,empathetic_dialogue,9.576416015625
att,13,empathetic_dialogue,math,3.692626953125
att,13,empathetic_dialogue,mmlu,6.43310546875
att,13,empathetic_dialogue,programming,6.060791015625
att,13,math,math,12.34130859375
att,13,math,mmlu,8.514404296875
att,13,math,programming,9.06982421875
att,13,mmlu,mmlu,19.793701171875
att,13,mmlu,programming,11.322021484375
att,13,programming,programming,18.353271484375
att,14,empathetic_dialogue,empathetic_dialogue,6.109619140625
att,14,empathetic_dialogue,math,1.873779296875
att,14,empathetic_dialogue,mmlu,3.30810546875
att,14,empathetic_dialogue,programming,2.569580078125
att,14,math,math,11.016845703125
att,14,math,mmlu,6.585693359375
att,14,math,programming,6.787109375
att,14,mmlu,mmlu,17.15087890625
att,14,mmlu,programming,7.269287109375
att,14,programming,programming,13.433837890625
att,15,empathetic_dialogue,empathetic_dialogue,8.355712890625
att,15,empathetic_dialogue,math,4.58984375
att,15,empathetic_dialogue,mmlu,6.18896484375
att,15,empathetic_dialogue,programming,6.268310546875
att,15,math,math,17.34619140625
att,15,math,mmlu,12.060546875
att,15,math,programming,13.4033203125
att,15,mmlu,mmlu,20.947265625
att,15,mmlu,programming,14.593505859375
att,15,programming,programming,22.808837890625
att,16,empathetic_dialogue,empathetic_dialogue,17.51708984375
att,16,empathetic_dialogue,math,8.23974609375
att,16,empathetic_dialogue,mmlu,13.128662109375
att,16,empathetic_dialogue,programming,11.151123046875
att,16,math,math,19.329833984375
att,16,math,mmlu,14.80712890625
att,16,math,programming,14.5751953125
att,16,mmlu,mmlu,33.60595703125
att,16,mmlu,programming,18.890380859375
att,16,programming,programming,26.031494140625
att,17,empathetic_dialogue,empathetic_dialogue,13.3544921875
att,17,empathetic_dialogue,math,7.2998046875
att,17,empathetic_dialogue,mmlu,10.85205078125
att,17,empathetic_dialogue,programming,10.272216796875
att,17,math,math,19.873046875
att,17,math,mmlu,14.75830078125
att,17,math,programming,15.374755859375
att,17,mmlu,mmlu,28.131103515625
att,17,mmlu,programming,18.83544921875
att,17,programming,programming,26.763916015625
att,18,empathetic_dialogue,empathetic_dialogue,25.091552734375
att,18,empathetic_dialogue,math,15.185546875
att,18,empathetic_dialogue,mmlu,21.942138671875
att,18,empathetic_dialogue,programming,20.05615234375
att,18,math,math,28.399658203125
att,18,math,mmlu,23.876953125
att,18,math,programming,23.663330078125
att,18,mmlu,mmlu,43.829345703125
att,18,mmlu,programming,31.390380859375
att,18,programming,programming,39.544677734375
att,19,empathetic_dialogue,empathetic_dialogue,9.283447265625
att,19,empathetic_dialogue,math,6.33544921875
att,19,empathetic_dialogue,mmlu,7.84912109375
att,19,empathetic_dialogue,programming,7.8857421875
att,19,math,math,18.310546875
att,19,math,mmlu,13.885498046875
att,19,math,programming,14.666748046875
att,19,mmlu,mmlu,23.492431640625
att,19,mmlu,programming,17.041015625
att,19,programming,programming,24.560546875
att,20,empathetic_dialogue,empathetic_dialogue,22.54638671875
att,20,empathetic_dialogue,math,13.629150390625
att,20,empathetic_dialogue,mmlu,19.3359375
att,20,empathetic_dialogue,programming,17.388916015625
att,20,math,math,28.90625
att,20,math,mmlu,23.42529296875
att,20,math,programming,23.2421875
att,20,mmlu,mmlu,43.267822265625
att,20,mmlu,programming,29.33349609375
att,20,programming,programming,37.7685546875
att,21,empathetic_dialogue,empathetic_dialogue,21.783447265625
att,21,empathetic_dialogue,math,12.63427734375
att,21,empathetic_dialogue,mmlu,18.267822265625
att,21,empathetic_dialogue,programming,17.315673828125
att,21,math,math,29.046630859375
att,21,math,mmlu,23.3642578125
att,21,math,programming,24.49951171875
att,21,mmlu,mmlu,44.22607421875
att,21,mmlu,programming,31.304931640625
att,21,programming,programming,41.1865234375
att,22,empathetic_dialogue,empathetic_dialogue,19.482421875
att,22,empathetic_dialogue,math,13.714599609375
att,22,empathetic_dialogue,mmlu,16.949462890625
att,22,empathetic_dialogue,programming,15.972900390625
att,22,math,math,28.643798828125
att,22,math,mmlu,22.589111328125
att,22,math,programming,23.15673828125
att,22,mmlu,mmlu,38.14697265625
att,22,mmlu,programming,27.166748046875
att,22,programming,programming,36.4013671875
att,23,empathetic_dialogue,empathetic_dialogue,21.61865234375
att,23,empathetic_dialogue,math,13.63525390625
att,23,empathetic_dialogue,mmlu,18.45703125
att,23,empathetic_dialogue,programming,17.156982421875
att,23,math,math,26.898193359375
att,23,math,mmlu,22.5341796875
att,23,math,programming,21.8505859375
att,23,mmlu,mmlu,42.230224609375
att,23,mmlu,programming,28.759765625
att,23,programming,programming,36.346435546875
att,24,empathetic_dialogue,empathetic_dialogue,20.367431640625
att,24,empathetic_dialogue,math,13.671875
att,24,empathetic_dialogue,mmlu,17.388916015625
att,24,empathetic_dialogue,programming,16.49169921875
att,24,math,math,29.443359375
att,24,math,mmlu,24.542236328125
att,24,math,programming,23.01025390625
att,24,mmlu,mmlu,42.535400390625
att,24,mmlu,programming,28.3935546875
att,24,programming,programming,37.384033203125
att,25,empathetic_dialogue,empathetic_dialogue,19.647216796875
att,25,empathetic_dialogue,math,10.260009765625
att,25,empathetic_dialogue,mmlu,15.191650390625
att,25,empathetic_dialogue,programming,13.720703125
att,25,math,math,21.832275390625
att,25,math,mmlu,16.36962890625
att,25,math,programming,16.40625
att,25,mmlu,mmlu,36.016845703125
att,25,mmlu,programming,21.20361328125
att,25,programming,programming,31.402587890625
